Angle_Degree,Pot1_Avg,Pot2_Avg,Pot3_Avg,Pot4_Avg,Pot5_Avg
0,0,0,0,0,0
5,0,0,0,0,0
10,0,0.0497631674836909,0.149272264687687,0.402484859473419,0.163119666105841
15,0.0144909982847181,0.250700392148133,0.77524601525008,0.743342137236616,0.362848636327422
20,0.0485286536442711,0.410353173505922,1.11216631673665,1.04506936991508,0.510981436525195
25,0.0945774858700136,0.608242374962509,1.62679539287454,1.42537776624363,0.693220198733692
30,0.136738638600405,0.788936343590654,2.02353653292778,1.74473633105409,0.902774371883436
35,0.17694306353573,1.00543282456789,2.43991921830477,2.1670819937575,1.11896572833871
40,0.201660566324235,1.13204129681877,2.74628276493139,2.54025637255361,1.34529095645715
45,0.240667369455798,1.35874092271388,2.80298389052659,2.69949093677359,1.54698277629631
50,0.277872584662755,1.55286858643895,2.86740511760929,2.74327872218524,1.68487070652276
55,0.572712605916315,1.79475580958027,2.91708854029975,2.80103763427001,1.84019117075022
60,0.954733501541873,2.02459222510967,2.96941804022008,2.8683586720156,2.04461992855335
65,1.36104788319679,2.18319575830927,3.01941899217813,2.93201483238508,2.25305654689375
70,1.4817115824882,2.3041083580159,3.02988521436338,3.0202104793885,2.4874591976136
75,1.92437106328734,2.54164441525757,3.09693109229717,3.085706408523,2.69010086654545
80,2.25386253315743,2.73453756514322,3.12737749325135,3.16376141763834,2.91354609937388
85,2.63830718719537,2.95166346613489,3.19031611158238,3.21790120491527,3.097230739399
90,3.07453553234666,3.17295913375919,3.2355405920769,3.27832020998145,3.25446266215508
95,3.28830377479191,3.28440497935567,3.2693230640981,3.2899450676271,3.28932950226361
100,3.28967828504612,3.285091751181,3.25925975449442,3.29019364584114,3.2895579429036
